machineID,centerID
10001,10001
10002,10002
10003,10003
10004,10004
10005,10005
10006,10006
10007,10007
10008,10008
10009,10009
10010,10010
10011,10011
10012,10012
10013,10013
10014,10014
10015,10015
10016,10016
10017,10017
10018,10018
10019,10019
10020,10020
10021,10021
10022,10022
10023,10023
10024,10024
10025,10025
10026,10026
10027,10027
10028,10028
10029,10029
10030,10030
10031,10031
10032,10032
10033,10033
10034,10034
10035,10035
10036,10036
10037,10037
10038,10038
10039,10039
10040,10040
10041,10041
10042,10042
10043,10043
10044,10044
10045,10045
10046,10046
10047,10047
10048,10048
10049,10049
10050,10050
10051,10051
10052,10052
10053,10053
10054,10054
10055,10055
10056,10056
10057,10057
10058,10058
10059,10059
10060,10060
10061,10061
10062,10062
10063,10063
10064,10064
10065,10065
10066,10066
10067,10067
10068,10068
10069,10069
10070,10070
10071,10071
10072,10072
10073,10073
10074,10074
10075,10075
10076,10076
10077,10077
10078,10078
10079,10079
10080,10080
10081,10081
10082,10082
10083,10083
10084,10084
10085,10085
10086,10086
10087,10087
10088,10088
10089,10089
10090,10090
10091,10091
10092,10092
10093,10093
10094,10094
10095,10095
10096,10096
10097,10097
10098,10098
10099,10099
10100,10100
10101,10101
10102,10102
10103,10103
10104,10104
10105,10105
10106,10106
10107,10107
10108,10108
10109,10109
10110,10110
10111,10111
10112,10112
10113,10113
10114,10114
10115,10115
10116,10116
10117,10117
10118,10118
10119,10119
10120,10120
10121,10121
10122,10122
10123,10123
10124,10124
10125,10125
10126,10126
10127,10127
10128,10128
10129,10129
10130,10130
10131,10131
10132,10132
10133,10133
10134,10134
10135,10135
10136,10136
10137,10137
10138,10138
10139,10139
10140,10140
10141,10141
10142,10142
10143,10143
10144,10144
10145,10145
10146,10146
10147,10147
10148,10148
10149,10149
10150,10150
10151,10151
10152,10152
10153,10153
10154,10154
10155,10155
10156,10156
10157,10157
10158,10158
10159,10159
10160,10160
10161,10161
10162,10162
10163,10163
10164,10164
10165,10165
10166,10166
10167,10167
10168,10168
10169,10169
10170,10170
10171,10171
10172,10172
10173,10173
10174,10174
10175,10175
10176,10176
10177,10177
10178,10178
10179,10179
10180,10180
10181,10181
10182,10182
10183,10183
10184,10184
10185,10185
10186,10186
10187,10187
10188,10188
10189,10189
10190,10190
10191,10191
10192,10192
10193,10193
10194,10194
10195,10195
10196,10196
10197,10197
10198,10198
10199,10199
10200,10200
10201,10201
10202,10202
10203,10203
10204,10204
10205,10205
10206,10206
10207,10207
10208,10208
10209,10209
10210,10210
10211,10211
10212,10212
10213,10213
10214,10214
10215,10215
10216,10216
10217,10217
10218,10218
10219,10219
10220,10220
10221,10221
10222,10222
10223,10223
10224,10224
10225,10225
10226,10226
10227,10227
10228,10228
10229,10229
10230,10230
10231,10231
10232,10232
10233,10233
10234,10234
10235,10235
10236,10236
10237,10237
10238,10238
10239,10239
10240,10240
10241,10241
10242,10242
10243,10243
10244,10244
10245,10245
10246,10246
10247,10247
10248,10248
10249,10249
10250,10250
10251,10251
10252,10252
10253,10253
10254,10254
10255,10255
10256,10256
10257,10257
10258,10258
10259,10259
10260,10260
10261,10261
10262,10262
10263,10263
10264,10264
10265,10265
10266,10266
10267,10267
10268,10268
10269,10269
10270,10270
10271,10271
10272,10272
10273,10273
10274,10274
10275,10275
10276,10276
10277,10277
10278,10278
10279,10279
10280,10280
10281,10281
10282,10282
10283,10283
10284,10284
10285,10285
10286,10286
10287,10287
10288,10288
10289,10289
10290,10290
10291,10291
10292,10292
10293,10293
10294,10294
10295,10295
10296,10296
10297,10297
10298,10298
10299,10299
10300,10300
10301,10301
10302,10302
10303,10303
10304,10304
10305,10305
10306,10306
10307,10307
10308,10308
10309,10309
10310,10310
10311,10311
10312,10312
10313,10313
10314,10314
10315,10315
10316,10316
10317,10317
10318,10318
10319,10319
10320,10320
10321,10321
10322,10322
10323,10323
10324,10324
10325,10325
10326,10326
10327,10327
10328,10328
10329,10329
10330,10330
10331,10331
10332,10332
10333,10333
10334,10334
10335,10335
10336,10336
10337,10337
10338,10338
10339,10339
10340,10340
10341,10341
10342,10342
10343,10343
10344,10344
10345,10345
10346,10346
10347,10347
10348,10348
10349,10349
10350,10350
10351,10351
10352,10352
10353,10353
10354,10354
10355,10355
10356,10356
10357,10357
10358,10358
10359,10359
10360,10360
10361,10361
10362,10362
10363,10363
10364,10364
10365,10365
10366,10366
10367,10367
10368,10368
10369,10369
10370,10370
10371,10371
10372,10372
10373,10373
10374,10374
10375,10375
10376,10376
10377,10377
10378,10378
10379,10379
10380,10380
10381,10381
10382,10382
10383,10383
10384,10384
10385,10385
10386,10386
10387,10387
10388,10388
10389,10389
10390,10390
10391,10391
10392,10392
10393,10393
10394,10394
10395,10395
10396,10396
10397,10397
10398,10398
10399,10399
10400,10400
10401,10401
10402,10402
10403,10403
10404,10404
10405,10405
10406,10406
10407,10407
10408,10408
10409,10409
10410,10410
10411,10411
10412,10412
10413,10413
10414,10414
10415,10415
10416,10416
10417,10417
10418,10418
10419,10419
10420,10420
10421,10421
10422,10422
10423,10423
10424,10424
10425,10425
10426,10426
10427,10427
10428,10428
10429,10429
10430,10430
10431,10431
10432,10432
10433,10433
10434,10434
10435,10435
10436,10436
10437,10437
10438,10438
10439,10439
10440,10440
10441,10441
10442,10442
10443,10443
10444,10444
10445,10445
10446,10446
10447,10447
10448,10448
10449,10449
10450,10450
10451,10451
10452,10452
10453,10453
10454,10454
10455,10455
10456,10456
10457,10457
10458,10458
10459,10459
10460,10460
10461,10461
10462,10462
10463,10463
10464,10464
10465,10465
10466,10466
10467,10467
10468,10468
10469,10469
10470,10470
10471,10471
10472,10472
10473,10473
10474,10474
10475,10475
10476,10476
10477,10477
10478,10478
10479,10479
10480,10480
10481,10481
10482,10482
10483,10483
10484,10484
10485,10485
10486,10486
10487,10487
10488,10488
10489,10489
10490,10490
10491,10491
10492,10492
10493,10493
10494,10494
10495,10495
10496,10496
10497,10497
10498,10498
10499,10499
10500,10500
10501,10501
10502,10502
10503,10503
10504,10504
10505,10505
10506,10506
10507,10507
10508,10508
10509,10509
10510,10510
10511,10511
10512,10512
10513,10513
10514,10514
10515,10515
10516,10516
10517,10517
10518,10518
10519,10519
10520,10520
10521,10521
10522,10522
10523,10523
10524,10524
10525,10525
10526,10526
10527,10527
10528,10528
10529,10529
10530,10530
10531,10531
10532,10532
10533,10533
10534,10534
10535,10535
10536,10536
10537,10537
10538,10538
10539,10539
10540,10540
10541,10541
10542,10542
10543,10543
10544,10544
10545,10545
10546,10546
10547,10547
10548,10548
10549,10549
10550,10550
10551,10551
10552,10552
10553,10553
10554,10554
10555,10555
10556,10556
10557,10557
10558,10558
10559,10559
10560,10560
10561,10561
10562,10562
10563,10563
10564,10564
10565,10565
10566,10566
10567,10567
10568,10568
10569,10569
10570,10570
10571,10571
10572,10572
10573,10573
10574,10574
10575,10575
10576,10576
10577,10577
10578,10578
10579,10579
10580,10580
10581,10581
10582,10582
10583,10583
10584,10584
10585,10585
10586,10586
10587,10587
10588,10588
10589,10589
10590,10590
10591,10591
10592,10592
10593,10593
10594,10594
10595,10595
10596,10596
10597,10597
10598,10598
10599,10599
10600,10600
10601,10601
10602,10602
10603,10603
10604,10604
10605,10605
10606,10606
10607,10607
10608,10608
10609,10609
10610,10610
10611,10611
10612,10612
10613,10613
10614,10614
10615,10615
10616,10616
10617,10617
10618,10618
10619,10619
10620,10620
10621,10621
10622,10622
10623,10623
10624,10624
10625,10625
10626,10626
10627,10627
10628,10628
10629,10629
10630,10630
10631,10631
10632,10632
10633,10633
10634,10634
10635,10635
10636,10636
10637,10637
10638,10638
10639,10639
10640,10640
10641,10641
10642,10642
10643,10643
10644,10644
10645,10645
10646,10646
10647,10647
10648,10648
10649,10649
10650,10650
10651,10651
10652,10652
10653,10653
10654,10654
10655,10655
10656,10656
10657,10657
10658,10658
10659,10659
10660,10660
10661,10661
10662,10662
10663,10663
10664,10664
10665,10665
10666,10666
10667,10667
10668,10668
10669,10669
10670,10670
10671,10671
10672,10672
10673,10673
10674,10674
10675,10675
10676,10676
10677,10677
10678,10678
10679,10679
10680,10680
10681,10681
10682,10682
10683,10683
10684,10684
10685,10685
10686,10686
10687,10687
10688,10688
10689,10689
10690,10690
10691,10691
10692,10692
10693,10693
10694,10694
10695,10695
10696,10696
10697,10697
10698,10698
10699,10699
10700,10700
10701,10701
10702,10702
10703,10703
10704,10704
10705,10705
10706,10706
10707,10707
10708,10708
10709,10709
10710,10710
10711,10711
10712,10712
10713,10713
10714,10714
10715,10715
10716,10716
10717,10717
10718,10718
10719,10719
10720,10720
10721,10721
10722,10722
10723,10723
10724,10724
10725,10725
10726,10726
10727,10727
10728,10728
10729,10729
10730,10730
10731,10731
10732,10732
10733,10733
10734,10734
10735,10735
10736,10736
10737,10737
10738,10738
10739,10739
10740,10740
10741,10741
10742,10742
10743,10743
10744,10744
10745,10745
10746,10746
10747,10747
10748,10748
10749,10749
10750,10750
10751,10751
10752,10752
10753,10753
10754,10754
10755,10755
10756,10756
10757,10757
10758,10758
10759,10759
10760,10760
10761,10761
10762,10762
10763,10763
10764,10764
10765,10765
10766,10766
10767,10767
10768,10768
10769,10769
10770,10770
10771,10771
10772,10772
10773,10773
10774,10774
10775,10775
10776,10776
10777,10777
10778,10778
10779,10779
10780,10780
10781,10781
10782,10782
10783,10783
10784,10784
10785,10785
10786,10786
10787,10787
10788,10788
10789,10789
10790,10790
10791,10791
10792,10792
10793,10793
10794,10794
10795,10795
10796,10796
10797,10797
10798,10798
10799,10799
10800,10800
10801,10801
10802,10802
10803,10803
10804,10804
10805,10805
10806,10806
10807,10807
10808,10808
10809,10809
10810,10810
10811,10811
10812,10812
10813,10813
10814,10814
10815,10815
10816,10816
10817,10817
10818,10818
10819,10819
10820,10820
10821,10821
10822,10822
10823,10823
10824,10824
10825,10825
10826,10826
10827,10827
10828,10828
10829,10829
10830,10830
10831,10831
10832,10832
10833,10833
10834,10834
10835,10835
10836,10836
10837,10837
10838,10838
10839,10839
10840,10840
10841,10841
10842,10842
10843,10843
10844,10844
10845,10845
10846,10846
10847,10847
10848,10848
10849,10849
10850,10850
10851,10851
10852,10852
10853,10853
10854,10854
10855,10855
10856,10856
10857,10857
10858,10858
10859,10859
10860,10860
10861,10861
10862,10862
10863,10863
10864,10864
10865,10865
10866,10866
10867,10867
10868,10868
10869,10869
10870,10870
10871,10871
10872,10872
10873,10873
10874,10874
10875,10875
10876,10876
10877,10877
10878,10878
10879,10879
10880,10880
10881,10881
10882,10882
10883,10883
10884,10884
10885,10885
10886,10886
10887,10887
10888,10888
10889,10889
10890,10890
10891,10891
10892,10892
10893,10893
10894,10894
10895,10895
10896,10896
10897,10897
10898,10898
10899,10899
10900,10900
10901,10901
10902,10902
10903,10903
10904,10904
10905,10905
10906,10906
10907,10907
10908,10908
10909,10909
10910,10910
10911,10911
10912,10912
10913,10913
10914,10914
10915,10915
10916,10916
10917,10917
10918,10918
10919,10919
10920,10920
10921,10921
10922,10922
10923,10923
10924,10924
10925,10925
10926,10926
10927,10927
10928,10928
10929,10929
10930,10930
10931,10931
10932,10932
10933,10933
10934,10934
10935,10935
10936,10936
10937,10937
10938,10938
10939,10939
10940,10940
10941,10941
10942,10942
10943,10943
10944,10944
10945,10945
10946,10946
10947,10947
10948,10948
10949,10949
10950,10950
10951,10951
10952,10952
10953,10953
10954,10954
10955,10955
10956,10956
10957,10957
10958,10958
10959,10959
10960,10960
10961,10961
10962,10962
10963,10963
10964,10964
10965,10965
10966,10966
10967,10967
10968,10968
10969,10969
10970,10970
10971,10971
10972,10972
10973,10973
10974,10974
10975,10975
10976,10976
10977,10977
10978,10978
10979,10979
10980,10980
10981,10981
10982,10982
10983,10983
10984,10984
10985,10985
10986,10986
10987,10987
10988,10988
10989,10989
10990,10990
10991,10991
10992,10992
10993,10993
10994,10994
10995,10995
10996,10996
10997,10997
10998,10998
10999,10999
11000,11000
11001,10001
11002,10002
11003,10003
11004,10004
11005,10005
11006,10006
11007,10007
11008,10008
11009,10009
11010,10010
11011,10011
11012,10012
11013,10013
11014,10014
11015,10015
11016,10016
11017,10017
11018,10018
11019,10019
11020,10020
11021,10021
11022,10022
11023,10023
11024,10024
11025,10025
11026,10026
11027,10027
11028,10028
11029,10029
11030,10030
11031,10031
11032,10032
11033,10033
11034,10034
11035,10035
11036,10036
11037,10037
11038,10038
11039,10039
11040,10040
11041,10041
11042,10042
11043,10043
11044,10044
11045,10045
11046,10046
11047,10047
11048,10048
11049,10049
11050,10050
11051,10051
11052,10052
11053,10053
11054,10054
11055,10055
11056,10056
11057,10057
11058,10058
11059,10059
11060,10060
11061,10061
11062,10062
11063,10063
11064,10064
11065,10065
11066,10066
11067,10067
11068,10068
11069,10069
11070,10070
11071,10071
11072,10072
11073,10073
11074,10074
11075,10075
11076,10076
11077,10077
11078,10078
11079,10079
11080,10080
11081,10081
11082,10082
11083,10083
11084,10084
11085,10085
11086,10086
11087,10087
11088,10088
11089,10089
11090,10090
11091,10091
11092,10092
11093,10093
11094,10094
11095,10095
11096,10096
11097,10097
11098,10098
11099,10099
11100,10100
11101,10101
11102,10102
11103,10103
11104,10104
11105,10105
11106,10106
11107,10107
11108,10108
11109,10109
11110,10110
11111,10111
11112,10112
11113,10113
11114,10114
11115,10115
11116,10116
11117,10117
11118,10118
11119,10119
11120,10120
11121,10121
11122,10122
11123,10123
11124,10124
11125,10125
11126,10126
11127,10127
11128,10128
11129,10129
11130,10130
11131,10131
11132,10132
11133,10133
11134,10134
11135,10135
11136,10136
11137,10137
11138,10138
11139,10139
11140,10140
11141,10141
11142,10142
11143,10143
11144,10144
11145,10145
11146,10146
11147,10147
11148,10148
11149,10149
11150,10150
11151,10151
11152,10152
11153,10153
11154,10154
11155,10155
11156,10156
11157,10157
11158,10158
11159,10159
11160,10160
11161,10161
11162,10162
11163,10163
11164,10164
11165,10165
11166,10166
11167,10167
11168,10168
11169,10169
11170,10170
11171,10171
11172,10172
11173,10173
11174,10174
11175,10175
11176,10176
11177,10177
11178,10178
11179,10179
11180,10180
11181,10181
11182,10182
11183,10183
11184,10184
11185,10185
11186,10186
11187,10187
11188,10188
11189,10189
11190,10190
11191,10191
11192,10192
11193,10193
11194,10194
11195,10195
11196,10196
11197,10197
11198,10198
11199,10199
11200,10200
11201,10201
11202,10202
11203,10203
11204,10204
11205,10205
11206,10206
11207,10207
11208,10208
11209,10209
11210,10210
11211,10211
11212,10212
11213,10213
11214,10214
11215,10215
11216,10216
11217,10217
11218,10218
11219,10219
11220,10220
11221,10221
11222,10222
11223,10223
11224,10224
11225,10225
11226,10226
11227,10227
11228,10228
11229,10229
11230,10230
11231,10231
11232,10232
11233,10233
11234,10234
11235,10235
11236,10236
11237,10237
11238,10238
11239,10239
11240,10240
11241,10241
11242,10242
11243,10243
11244,10244
11245,10245
11246,10246
11247,10247
11248,10248
11249,10249
11250,10250
11251,10251
11252,10252
11253,10253
11254,10254
11255,10255
11256,10256
11257,10257
11258,10258
11259,10259
11260,10260
11261,10261
11262,10262
11263,10263
11264,10264
11265,10265
11266,10266
11267,10267
11268,10268
11269,10269
11270,10270
11271,10271
11272,10272
11273,10273
11274,10274
11275,10275
11276,10276
11277,10277
11278,10278
11279,10279
11280,10280
11281,10281
11282,10282
11283,10283
11284,10284
11285,10285
11286,10286
11287,10287
11288,10288
11289,10289
11290,10290
11291,10291
11292,10292
11293,10293
11294,10294
11295,10295
11296,10296
11297,10297
11298,10298
11299,10299
11300,10300
11301,10301
11302,10302
11303,10303
11304,10304
11305,10305
11306,10306
11307,10307
11308,10308
11309,10309
11310,10310
11311,10311
11312,10312
11313,10313
11314,10314
11315,10315
11316,10316
11317,10317
11318,10318
11319,10319
11320,10320
11321,10321
11322,10322
11323,10323
11324,10324
11325,10325
11326,10326
11327,10327
11328,10328
11329,10329
11330,10330
11331,10331
11332,10332
11333,10333
11334,10334
11335,10335
11336,10336
11337,10337
11338,10338
11339,10339
11340,10340
11341,10341
11342,10342
11343,10343
11344,10344
11345,10345
11346,10346
11347,10347
11348,10348
11349,10349
11350,10350
11351,10351
11352,10352
11353,10353
11354,10354
11355,10355
11356,10356
11357,10357
11358,10358
11359,10359
11360,10360
11361,10361
11362,10362
11363,10363
11364,10364
11365,10365
11366,10366
11367,10367
11368,10368
11369,10369
11370,10370
11371,10371
11372,10372
11373,10373
11374,10374
11375,10375
11376,10376
11377,10377
11378,10378
11379,10379
11380,10380
11381,10381
11382,10382
11383,10383
11384,10384
11385,10385
11386,10386
11387,10387
11388,10388
11389,10389
11390,10390
11391,10391
11392,10392
11393,10393
11394,10394
11395,10395
11396,10396
11397,10397
11398,10398
11399,10399
11400,10400
11401,10401
11402,10402
11403,10403
11404,10404
11405,10405
11406,10406
11407,10407
11408,10408
11409,10409
11410,10410
11411,10411
11412,10412
11413,10413
11414,10414
11415,10415
11416,10416
11417,10417
11418,10418
11419,10419
11420,10420
11421,10421
11422,10422
11423,10423
11424,10424
11425,10425
11426,10426
11427,10427
11428,10428
11429,10429
11430,10430
11431,10431
11432,10432
11433,10433
11434,10434
11435,10435
11436,10436
11437,10437
11438,10438
11439,10439
11440,10440
11441,10441
11442,10442
11443,10443
11444,10444
11445,10445
11446,10446
11447,10447
11448,10448
11449,10449
11450,10450
11451,10451
11452,10452
11453,10453
11454,10454
11455,10455
11456,10456
11457,10457
11458,10458
11459,10459
11460,10460
11461,10461
11462,10462
11463,10463
11464,10464
11465,10465
11466,10466
11467,10467
11468,10468
11469,10469
11470,10470
11471,10471
11472,10472
11473,10473
11474,10474
11475,10475
11476,10476
11477,10477
11478,10478
11479,10479
11480,10480
11481,10481
11482,10482
11483,10483
11484,10484
11485,10485
11486,10486
11487,10487
11488,10488
11489,10489
11490,10490
11491,10491
11492,10492
11493,10493
11494,10494
11495,10495
11496,10496
11497,10497
11498,10498
11499,10499
11500,10500
11501,10501
11502,10502
11503,10503
11504,10504
11505,10505
11506,10506
11507,10507
11508,10508
11509,10509
11510,10510
11511,10511
11512,10512
11513,10513
11514,10514
11515,10515
11516,10516
11517,10517
11518,10518
11519,10519
11520,10520
11521,10521
11522,10522
11523,10523
11524,10524
11525,10525
11526,10526
11527,10527
11528,10528
11529,10529
11530,10530
11531,10531
11532,10532
11533,10533
11534,10534
11535,10535
11536,10536
11537,10537
11538,10538
11539,10539
11540,10540
11541,10541
11542,10542
11543,10543
11544,10544
11545,10545
11546,10546
11547,10547
11548,10548
11549,10549
11550,10550
11551,10551
11552,10552
11553,10553
11554,10554
11555,10555
11556,10556
11557,10557
11558,10558
11559,10559
11560,10560
11561,10561
11562,10562
11563,10563
11564,10564
11565,10565
11566,10566
11567,10567
11568,10568
11569,10569
11570,10570
11571,10571
11572,10572
11573,10573
11574,10574
11575,10575
11576,10576
11577,10577
11578,10578
11579,10579
11580,10580
11581,10581
11582,10582
11583,10583
11584,10584
11585,10585
11586,10586
11587,10587
11588,10588
11589,10589
11590,10590
11591,10591
11592,10592
11593,10593
11594,10594
11595,10595
11596,10596
11597,10597
11598,10598
11599,10599
11600,10600
11601,10601
11602,10602
11603,10603
11604,10604
11605,10605
11606,10606
11607,10607
11608,10608
11609,10609
11610,10610
11611,10611
11612,10612
11613,10613
11614,10614
11615,10615
11616,10616
11617,10617
11618,10618
11619,10619
11620,10620
11621,10621
11622,10622
11623,10623
11624,10624
11625,10625
11626,10626
11627,10627
11628,10628
11629,10629
11630,10630
11631,10631
11632,10632
11633,10633
11634,10634
11635,10635
11636,10636
11637,10637
11638,10638
11639,10639
11640,10640
11641,10641
11642,10642
11643,10643
11644,10644
11645,10645
11646,10646
11647,10647
11648,10648
11649,10649
11650,10650
11651,10651
11652,10652
11653,10653
11654,10654
11655,10655
11656,10656
11657,10657
11658,10658
11659,10659
11660,10660
11661,10661
11662,10662
11663,10663
11664,10664
11665,10665
11666,10666
11667,10667
11668,10668
11669,10669
11670,10670
11671,10671
11672,10672
11673,10673
11674,10674
11675,10675
11676,10676
11677,10677
11678,10678
11679,10679
11680,10680
11681,10681
11682,10682
11683,10683
11684,10684
11685,10685
11686,10686
11687,10687
11688,10688
11689,10689
11690,10690
11691,10691
11692,10692
11693,10693
11694,10694
11695,10695
11696,10696
11697,10697
11698,10698
11699,10699
11700,10700
11701,10701
11702,10702
11703,10703
11704,10704
11705,10705
11706,10706
11707,10707
11708,10708
11709,10709
11710,10710
11711,10711
11712,10712
11713,10713
11714,10714
11715,10715
11716,10716
11717,10717
11718,10718
11719,10719
11720,10720
11721,10721
11722,10722
11723,10723
11724,10724
11725,10725
11726,10726
11727,10727
11728,10728
11729,10729
11730,10730
11731,10731
11732,10732
11733,10733
11734,10734
11735,10735
11736,10736
11737,10737
11738,10738
11739,10739
11740,10740
11741,10741
11742,10742
11743,10743
11744,10744
11745,10745
11746,10746
11747,10747
11748,10748
11749,10749
11750,10750
11751,10751
11752,10752
11753,10753
11754,10754
11755,10755
11756,10756
11757,10757
11758,10758
11759,10759
11760,10760
11761,10761
11762,10762
11763,10763
11764,10764
11765,10765
11766,10766
11767,10767
11768,10768
11769,10769
11770,10770
11771,10771
11772,10772
11773,10773
11774,10774
11775,10775
11776,10776
11777,10777
11778,10778
11779,10779
11780,10780
11781,10781
11782,10782
11783,10783
11784,10784
11785,10785
11786,10786
11787,10787
11788,10788
11789,10789
11790,10790
11791,10791
11792,10792
11793,10793
11794,10794
11795,10795
11796,10796
11797,10797
11798,10798
11799,10799
11800,10800
11801,10801
11802,10802
11803,10803
11804,10804
11805,10805
11806,10806
11807,10807
11808,10808
11809,10809
11810,10810
11811,10811
11812,10812
11813,10813
11814,10814
11815,10815
11816,10816
11817,10817
11818,10818
11819,10819
11820,10820
11821,10821
11822,10822
11823,10823
11824,10824
11825,10825
11826,10826
11827,10827
11828,10828
11829,10829
11830,10830
11831,10831
11832,10832
11833,10833
11834,10834
11835,10835
11836,10836
11837,10837
11838,10838
11839,10839
11840,10840
11841,10841
11842,10842
11843,10843
11844,10844
11845,10845
11846,10846
11847,10847
11848,10848
11849,10849
11850,10850
11851,10851
11852,10852
11853,10853
11854,10854
11855,10855
11856,10856
11857,10857
11858,10858
11859,10859
11860,10860
11861,10861
11862,10862
11863,10863
11864,10864
11865,10865
11866,10866
11867,10867
11868,10868
11869,10869
11870,10870
11871,10871
11872,10872
11873,10873
11874,10874
11875,10875
11876,10876
11877,10877
11878,10878
11879,10879
11880,10880
11881,10881
11882,10882
11883,10883
11884,10884
11885,10885
11886,10886
11887,10887
11888,10888
11889,10889
11890,10890
11891,10891
11892,10892
11893,10893
11894,10894
11895,10895
11896,10896
11897,10897
11898,10898
11899,10899
11900,10900
11901,10901
11902,10902
11903,10903
11904,10904
11905,10905
11906,10906
11907,10907
11908,10908
11909,10909
11910,10910
11911,10911
11912,10912
11913,10913
11914,10914
11915,10915
11916,10916
11917,10917
11918,10918
11919,10919
11920,10920
11921,10921
11922,10922
11923,10923
11924,10924
11925,10925
11926,10926
11927,10927
11928,10928
11929,10929
11930,10930
11931,10931
11932,10932
11933,10933
11934,10934
11935,10935
11936,10936
11937,10937
11938,10938
11939,10939
11940,10940
11941,10941
11942,10942
11943,10943
11944,10944
11945,10945
11946,10946
11947,10947
11948,10948
11949,10949
11950,10950
11951,10951
11952,10952
11953,10953
11954,10954
11955,10955
11956,10956
11957,10957
11958,10958
11959,10959
11960,10960
11961,10961
11962,10962
11963,10963
11964,10964
11965,10965
11966,10966
11967,10967
11968,10968
11969,10969
11970,10970
11971,10971
11972,10972
11973,10973
11974,10974
11975,10975
11976,10976
11977,10977
11978,10978
11979,10979
11980,10980
11981,10981
11982,10982
11983,10983
11984,10984
11985,10985
11986,10986
11987,10987
11988,10988
11989,10989
11990,10990
11991,10991
11992,10992
11993,10993
11994,10994
11995,10995
11996,10996
11997,10997
11998,10998
11999,10999
12000,11000
12001,10001
12002,10002
12003,10003
12004,10004
12005,10005
12006,10006
12007,10007
12008,10008
12009,10009
12010,10010
12011,10011
12012,10012
12013,10013
12014,10014
12015,10015
12016,10016
12017,10017
12018,10018
12019,10019
12020,10020
12021,10021
12022,10022
12023,10023
12024,10024
12025,10025
12026,10026
12027,10027
12028,10028
12029,10029
12030,10030
12031,10031
12032,10032
12033,10033
12034,10034
12035,10035
12036,10036
12037,10037
12038,10038
12039,10039
12040,10040
12041,10041
12042,10042
12043,10043
12044,10044
12045,10045
12046,10046
12047,10047
12048,10048
12049,10049
12050,10050
12051,10051
12052,10052
12053,10053
12054,10054
12055,10055
12056,10056
12057,10057
12058,10058
12059,10059
12060,10060
12061,10061
12062,10062
12063,10063
12064,10064
12065,10065
12066,10066
12067,10067
12068,10068
12069,10069
12070,10070
12071,10071
12072,10072
12073,10073
12074,10074
12075,10075
12076,10076
12077,10077
12078,10078
12079,10079
12080,10080
12081,10081
12082,10082
12083,10083
12084,10084
12085,10085
12086,10086
12087,10087
12088,10088
12089,10089
12090,10090
12091,10091
12092,10092
12093,10093
12094,10094
12095,10095
12096,10096
12097,10097
12098,10098
12099,10099
12100,10100
12101,10101
12102,10102
12103,10103
12104,10104
12105,10105
12106,10106
12107,10107
12108,10108
12109,10109
12110,10110
12111,10111
12112,10112
12113,10113
12114,10114
12115,10115
12116,10116
12117,10117
12118,10118
12119,10119
12120,10120
12121,10121
12122,10122
12123,10123
12124,10124
12125,10125
12126,10126
12127,10127
12128,10128
12129,10129
12130,10130
12131,10131
12132,10132
12133,10133
12134,10134
12135,10135
12136,10136
12137,10137
12138,10138
12139,10139
12140,10140
12141,10141
12142,10142
12143,10143
12144,10144
12145,10145
12146,10146
12147,10147
12148,10148
12149,10149
12150,10150
12151,10151
12152,10152
12153,10153
12154,10154
12155,10155
12156,10156
12157,10157
12158,10158
12159,10159
12160,10160
12161,10161
12162,10162
12163,10163
12164,10164
12165,10165
12166,10166
12167,10167
12168,10168
12169,10169
12170,10170
12171,10171
12172,10172
12173,10173
12174,10174
12175,10175
12176,10176
12177,10177
12178,10178
12179,10179
12180,10180
12181,10181
12182,10182
12183,10183
12184,10184
12185,10185
12186,10186
12187,10187
12188,10188
12189,10189
12190,10190
12191,10191
12192,10192
12193,10193
12194,10194
12195,10195
12196,10196
12197,10197
12198,10198
12199,10199
12200,10200
12201,10201
12202,10202
12203,10203
12204,10204
12205,10205
12206,10206
12207,10207
12208,10208
12209,10209
12210,10210
12211,10211
12212,10212
12213,10213
12214,10214
12215,10215
12216,10216
12217,10217
12218,10218
12219,10219
12220,10220
12221,10221
12222,10222
12223,10223
12224,10224
12225,10225
12226,10226
12227,10227
12228,10228
12229,10229
12230,10230
12231,10231
12232,10232
12233,10233
12234,10234
12235,10235
12236,10236
12237,10237
12238,10238
12239,10239
12240,10240
12241,10241
12242,10242
12243,10243
12244,10244
12245,10245
12246,10246
12247,10247
12248,10248
12249,10249
12250,10250
12251,10251
12252,10252
12253,10253
12254,10254
12255,10255
12256,10256
12257,10257
12258,10258
12259,10259
12260,10260
12261,10261
12262,10262
12263,10263
12264,10264
12265,10265
12266,10266
12267,10267
12268,10268
12269,10269
12270,10270
12271,10271
12272,10272
12273,10273
12274,10274
12275,10275
12276,10276
12277,10277
12278,10278
12279,10279
12280,10280
12281,10281
12282,10282
12283,10283
12284,10284
12285,10285
12286,10286
12287,10287
12288,10288
12289,10289
12290,10290
12291,10291
12292,10292
12293,10293
12294,10294
12295,10295
12296,10296
12297,10297
12298,10298
12299,10299
12300,10300
12301,10301
12302,10302
12303,10303
12304,10304
12305,10305
12306,10306
12307,10307
12308,10308
12309,10309
12310,10310
12311,10311
12312,10312
12313,10313
12314,10314
12315,10315
12316,10316
12317,10317
12318,10318
12319,10319
12320,10320
12321,10321
12322,10322
12323,10323
12324,10324
12325,10325
12326,10326
12327,10327
12328,10328
12329,10329
12330,10330
12331,10331
12332,10332
12333,10333
12334,10334
12335,10335
12336,10336
12337,10337
12338,10338
12339,10339
12340,10340
12341,10341
12342,10342
12343,10343
12344,10344
12345,10345
12346,10346
12347,10347
12348,10348
12349,10349
12350,10350
12351,10351
12352,10352
12353,10353
12354,10354
12355,10355
12356,10356
12357,10357
12358,10358
12359,10359
12360,10360
12361,10361
12362,10362
12363,10363
12364,10364
12365,10365
12366,10366
12367,10367
12368,10368
12369,10369
12370,10370
12371,10371
12372,10372
12373,10373
12374,10374
12375,10375
12376,10376
12377,10377
12378,10378
12379,10379
12380,10380
12381,10381
12382,10382
12383,10383
12384,10384
12385,10385
12386,10386
12387,10387
12388,10388
12389,10389
12390,10390
12391,10391
12392,10392
12393,10393
12394,10394
12395,10395
12396,10396
12397,10397
12398,10398
12399,10399
12400,10400
12401,10401
12402,10402
12403,10403
12404,10404
12405,10405
12406,10406
12407,10407
12408,10408
12409,10409
12410,10410
12411,10411
12412,10412
12413,10413
12414,10414
12415,10415
12416,10416
12417,10417
12418,10418
12419,10419
12420,10420
12421,10421
12422,10422
12423,10423
12424,10424
12425,10425
12426,10426
12427,10427
12428,10428
12429,10429
12430,10430
12431,10431
12432,10432
12433,10433
12434,10434
12435,10435
12436,10436
12437,10437
12438,10438
12439,10439
12440,10440
12441,10441
12442,10442
12443,10443
12444,10444
12445,10445
12446,10446
12447,10447
12448,10448
12449,10449
12450,10450
12451,10451
12452,10452
12453,10453
12454,10454
12455,10455
12456,10456
12457,10457
12458,10458
12459,10459
12460,10460
12461,10461
12462,10462
12463,10463
12464,10464
12465,10465
12466,10466
12467,10467
12468,10468
12469,10469
12470,10470
12471,10471
12472,10472
12473,10473
12474,10474
12475,10475
12476,10476
12477,10477
12478,10478
12479,10479
12480,10480
12481,10481
12482,10482
12483,10483
12484,10484
12485,10485
12486,10486
12487,10487
12488,10488
12489,10489
12490,10490
12491,10491
12492,10492
12493,10493
12494,10494
12495,10495
12496,10496
12497,10497
12498,10498
12499,10499
12500,10500
12501,10501
12502,10502
12503,10503
12504,10504
12505,10505
12506,10506
12507,10507
12508,10508
12509,10509
12510,10510
12511,10511
12512,10512
12513,10513
12514,10514
12515,10515
12516,10516
12517,10517
12518,10518
12519,10519
12520,10520
12521,10521
12522,10522
12523,10523
12524,10524
12525,10525
12526,10526
12527,10527
12528,10528
12529,10529
12530,10530
12531,10531
12532,10532
12533,10533
12534,10534
12535,10535
12536,10536
12537,10537
12538,10538
12539,10539
12540,10540
12541,10541
12542,10542
12543,10543
12544,10544
12545,10545
12546,10546
12547,10547
12548,10548
12549,10549
12550,10550
12551,10551
12552,10552
12553,10553
12554,10554
12555,10555
12556,10556
12557,10557
12558,10558
12559,10559
12560,10560
12561,10561
12562,10562
12563,10563
12564,10564
12565,10565
12566,10566
12567,10567
12568,10568
12569,10569
12570,10570
12571,10571
12572,10572
12573,10573
12574,10574
12575,10575
12576,10576
12577,10577
12578,10578
12579,10579
12580,10580
12581,10581
12582,10582
12583,10583
12584,10584
12585,10585
12586,10586
12587,10587
12588,10588
12589,10589
12590,10590
12591,10591
12592,10592
12593,10593
12594,10594
12595,10595
12596,10596
12597,10597
12598,10598
12599,10599
12600,10600
12601,10601
12602,10602
12603,10603
12604,10604
12605,10605
12606,10606
12607,10607
12608,10608
12609,10609
12610,10610
12611,10611
12612,10612
12613,10613
12614,10614
12615,10615
12616,10616
12617,10617
12618,10618
12619,10619
12620,10620
12621,10621
12622,10622
12623,10623
12624,10624
12625,10625
12626,10626
12627,10627
12628,10628
12629,10629
12630,10630
12631,10631
12632,10632
12633,10633
12634,10634
12635,10635
12636,10636
12637,10637
12638,10638
12639,10639
12640,10640
12641,10641
12642,10642
12643,10643
12644,10644
12645,10645
12646,10646
12647,10647
12648,10648
12649,10649
12650,10650
12651,10651
12652,10652
12653,10653
12654,10654
12655,10655
12656,10656
12657,10657
12658,10658
12659,10659
12660,10660
12661,10661
12662,10662
12663,10663
12664,10664
12665,10665
12666,10666
12667,10667
12668,10668
12669,10669
12670,10670
12671,10671
12672,10672
12673,10673
12674,10674
12675,10675
12676,10676
12677,10677
12678,10678
12679,10679
12680,10680
12681,10681
12682,10682
12683,10683
12684,10684
12685,10685
12686,10686
12687,10687
12688,10688
12689,10689
12690,10690
12691,10691
12692,10692
12693,10693
12694,10694
12695,10695
12696,10696
12697,10697
12698,10698
12699,10699
12700,10700
12701,10701
12702,10702
12703,10703
12704,10704
12705,10705
12706,10706
12707,10707
12708,10708
12709,10709
12710,10710
12711,10711
12712,10712
12713,10713
12714,10714
12715,10715
12716,10716
12717,10717
12718,10718
12719,10719
12720,10720
12721,10721
12722,10722
12723,10723
12724,10724
12725,10725
12726,10726
12727,10727
12728,10728
12729,10729
12730,10730
12731,10731
12732,10732
12733,10733
12734,10734
12735,10735
12736,10736
12737,10737
12738,10738
12739,10739
12740,10740
12741,10741
12742,10742
12743,10743
12744,10744
12745,10745
12746,10746
12747,10747
12748,10748
12749,10749
12750,10750
12751,10751
12752,10752
12753,10753
12754,10754
12755,10755
12756,10756
12757,10757
12758,10758
12759,10759
12760,10760
12761,10761
12762,10762
12763,10763
12764,10764
12765,10765
12766,10766
12767,10767
12768,10768
12769,10769
12770,10770
12771,10771
12772,10772
12773,10773
12774,10774
12775,10775
12776,10776
12777,10777
12778,10778
12779,10779
12780,10780
12781,10781
12782,10782
12783,10783
12784,10784
12785,10785
12786,10786
12787,10787
12788,10788
12789,10789
12790,10790
12791,10791
12792,10792
12793,10793
12794,10794
12795,10795
12796,10796
12797,10797
12798,10798
12799,10799
12800,10800
12801,10801
12802,10802
12803,10803
12804,10804
12805,10805
12806,10806
12807,10807
12808,10808
12809,10809
12810,10810
12811,10811
12812,10812
12813,10813
12814,10814
12815,10815
12816,10816
12817,10817
12818,10818
12819,10819
12820,10820
12821,10821
12822,10822
12823,10823
12824,10824
12825,10825
12826,10826
12827,10827
12828,10828
12829,10829
12830,10830
12831,10831
12832,10832
12833,10833
12834,10834
12835,10835
12836,10836
12837,10837
12838,10838
12839,10839
12840,10840
12841,10841
12842,10842
12843,10843
12844,10844
12845,10845
12846,10846
12847,10847
12848,10848
12849,10849
12850,10850
12851,10851
12852,10852
12853,10853
12854,10854
12855,10855
12856,10856
12857,10857
12858,10858
12859,10859
12860,10860
12861,10861
12862,10862
12863,10863
12864,10864
12865,10865
12866,10866
12867,10867
12868,10868
12869,10869
12870,10870
12871,10871
12872,10872
12873,10873
12874,10874
12875,10875
12876,10876
12877,10877
12878,10878
12879,10879
12880,10880
12881,10881
12882,10882
12883,10883
12884,10884
12885,10885
12886,10886
12887,10887
12888,10888
12889,10889
12890,10890
12891,10891
12892,10892
12893,10893
12894,10894
12895,10895
12896,10896
12897,10897
12898,10898
12899,10899
12900,10900
12901,10901
12902,10902
12903,10903
12904,10904
12905,10905
12906,10906
12907,10907
12908,10908
12909,10909
12910,10910
12911,10911
12912,10912
12913,10913
12914,10914
12915,10915
12916,10916
12917,10917
12918,10918
12919,10919
12920,10920
12921,10921
12922,10922
12923,10923
12924,10924
12925,10925
12926,10926
12927,10927
12928,10928
12929,10929
12930,10930
12931,10931
12932,10932
12933,10933
12934,10934
12935,10935
12936,10936
12937,10937
12938,10938
12939,10939
12940,10940
12941,10941
12942,10942
12943,10943
12944,10944
12945,10945
12946,10946
12947,10947
12948,10948
12949,10949
12950,10950
12951,10951
12952,10952
12953,10953
12954,10954
12955,10955
12956,10956
12957,10957
12958,10958
12959,10959
12960,10960
12961,10961
12962,10962
12963,10963
12964,10964
12965,10965
12966,10966
12967,10967
12968,10968
12969,10969
12970,10970
12971,10971
12972,10972
12973,10973
12974,10974
12975,10975
12976,10976
12977,10977
12978,10978
12979,10979
12980,10980
12981,10981
12982,10982
12983,10983
12984,10984
12985,10985
12986,10986
12987,10987
12988,10988
12989,10989
12990,10990
12991,10991
12992,10992
12993,10993
12994,10994
12995,10995
12996,10996
12997,10997
12998,10998
12999,10999
13000,11000
13001,10001
13002,10002
13003,10003
13004,10004
13005,10005
13006,10006
13007,10007
13008,10008
13009,10009
13010,10010
13011,10011
13012,10012
13013,10013
13014,10014
13015,10015
13016,10016
13017,10017
13018,10018
13019,10019
13020,10020
13021,10021
13022,10022
13023,10023
13024,10024
13025,10025
13026,10026
13027,10027
13028,10028
13029,10029
13030,10030
13031,10031
13032,10032
13033,10033
13034,10034
13035,10035
13036,10036
13037,10037
13038,10038
13039,10039
13040,10040
13041,10041
13042,10042
13043,10043
13044,10044
13045,10045
13046,10046
13047,10047
13048,10048
13049,10049
13050,10050
13051,10051
13052,10052
13053,10053
13054,10054
13055,10055
13056,10056
13057,10057
13058,10058
13059,10059
13060,10060
13061,10061
13062,10062
13063,10063
13064,10064
13065,10065
13066,10066
13067,10067
13068,10068
13069,10069
13070,10070
13071,10071
13072,10072
13073,10073
13074,10074
13075,10075
13076,10076
13077,10077
13078,10078
13079,10079
13080,10080
13081,10081
13082,10082
13083,10083
13084,10084
13085,10085
13086,10086
13087,10087
13088,10088
13089,10089
13090,10090
13091,10091
13092,10092
13093,10093
13094,10094
13095,10095
13096,10096
13097,10097
13098,10098
13099,10099
13100,10100
13101,10101
13102,10102
13103,10103
13104,10104
13105,10105
13106,10106
13107,10107
13108,10108
13109,10109
13110,10110
13111,10111
13112,10112
13113,10113
13114,10114
13115,10115
13116,10116
13117,10117
13118,10118
13119,10119
13120,10120
13121,10121
13122,10122
13123,10123
13124,10124
13125,10125
13126,10126
13127,10127
13128,10128
13129,10129
13130,10130
13131,10131
13132,10132
13133,10133
13134,10134
13135,10135
13136,10136
13137,10137
13138,10138
13139,10139
13140,10140
13141,10141
13142,10142
13143,10143
13144,10144
13145,10145
13146,10146
13147,10147
13148,10148
13149,10149
13150,10150
13151,10151
13152,10152
13153,10153
13154,10154
13155,10155
13156,10156
13157,10157
13158,10158
13159,10159
13160,10160
13161,10161
13162,10162
13163,10163
13164,10164
13165,10165
13166,10166
13167,10167
13168,10168
13169,10169
13170,10170
13171,10171
13172,10172
13173,10173
13174,10174
13175,10175
13176,10176
13177,10177
13178,10178
13179,10179
13180,10180
13181,10181
13182,10182
13183,10183
13184,10184
13185,10185
13186,10186
13187,10187
13188,10188
13189,10189
13190,10190
13191,10191
13192,10192
13193,10193
13194,10194
13195,10195
13196,10196
13197,10197
13198,10198
13199,10199
13200,10200
13201,10201
13202,10202
13203,10203
13204,10204
13205,10205
13206,10206
13207,10207
13208,10208
13209,10209
13210,10210
13211,10211
13212,10212
13213,10213
13214,10214
13215,10215
13216,10216
13217,10217
13218,10218
13219,10219
13220,10220
13221,10221
13222,10222
13223,10223
13224,10224
13225,10225
13226,10226
13227,10227
13228,10228
13229,10229
13230,10230
13231,10231
13232,10232
13233,10233
13234,10234
13235,10235
13236,10236
13237,10237
13238,10238
13239,10239
13240,10240
13241,10241
13242,10242
13243,10243
13244,10244
13245,10245
13246,10246
13247,10247
13248,10248
13249,10249
13250,10250
13251,10251
13252,10252
13253,10253
13254,10254
13255,10255
13256,10256
13257,10257
13258,10258
13259,10259
13260,10260
13261,10261
13262,10262
13263,10263
13264,10264
13265,10265
13266,10266
13267,10267
13268,10268
13269,10269
13270,10270
13271,10271
13272,10272
13273,10273
13274,10274
13275,10275
13276,10276
13277,10277
13278,10278
13279,10279
13280,10280
13281,10281
13282,10282
13283,10283
13284,10284
13285,10285
13286,10286
13287,10287
13288,10288
13289,10289
13290,10290
13291,10291
13292,10292
13293,10293
13294,10294
13295,10295
13296,10296
13297,10297
13298,10298
13299,10299
13300,10300
13301,10301
13302,10302
13303,10303
13304,10304
13305,10305
13306,10306
13307,10307
13308,10308
13309,10309
13310,10310
13311,10311
13312,10312
13313,10313
13314,10314
13315,10315
13316,10316
13317,10317
13318,10318
13319,10319
13320,10320
13321,10321
13322,10322
13323,10323
13324,10324
13325,10325
13326,10326
13327,10327
13328,10328
13329,10329
13330,10330
13331,10331
13332,10332
13333,10333
13334,10334
13335,10335
13336,10336
13337,10337
13338,10338
13339,10339
13340,10340
13341,10341
13342,10342
13343,10343
13344,10344
13345,10345
13346,10346
13347,10347
13348,10348
13349,10349
13350,10350
13351,10351
13352,10352
13353,10353
13354,10354
13355,10355
13356,10356
13357,10357
13358,10358
13359,10359
13360,10360
13361,10361
13362,10362
13363,10363
13364,10364
13365,10365
13366,10366
13367,10367
13368,10368
13369,10369
13370,10370
13371,10371
13372,10372
13373,10373
13374,10374
13375,10375
13376,10376
13377,10377
13378,10378
13379,10379
13380,10380
13381,10381
13382,10382
13383,10383
13384,10384
13385,10385
13386,10386
13387,10387
13388,10388
13389,10389
13390,10390
13391,10391
13392,10392
13393,10393
13394,10394
13395,10395
13396,10396
13397,10397
13398,10398
13399,10399
13400,10400
13401,10401
13402,10402
13403,10403
13404,10404
13405,10405
13406,10406
13407,10407
13408,10408
13409,10409
13410,10410
13411,10411
13412,10412
13413,10413
13414,10414
13415,10415
13416,10416
13417,10417
13418,10418
13419,10419
13420,10420
13421,10421
13422,10422
13423,10423
13424,10424
13425,10425
13426,10426
13427,10427
13428,10428
13429,10429
13430,10430
13431,10431
13432,10432
13433,10433
13434,10434
13435,10435
13436,10436
13437,10437
13438,10438
13439,10439
13440,10440
13441,10441
13442,10442
13443,10443
13444,10444
13445,10445
13446,10446
13447,10447
13448,10448
13449,10449
13450,10450
13451,10451
13452,10452
13453,10453
13454,10454
13455,10455
13456,10456
13457,10457
13458,10458
13459,10459
13460,10460
13461,10461
13462,10462
13463,10463
13464,10464
13465,10465
13466,10466
13467,10467
13468,10468
13469,10469
13470,10470
13471,10471
13472,10472
13473,10473
13474,10474
13475,10475
13476,10476
13477,10477
13478,10478
13479,10479
13480,10480
13481,10481
13482,10482
13483,10483
13484,10484
13485,10485
13486,10486
13487,10487
13488,10488
13489,10489
13490,10490
13491,10491
13492,10492
13493,10493
13494,10494
13495,10495
13496,10496
13497,10497
13498,10498
13499,10499
13500,10500
13501,10501
13502,10502
13503,10503
13504,10504
13505,10505
13506,10506
13507,10507
13508,10508
13509,10509
13510,10510
13511,10511
13512,10512
13513,10513
13514,10514
13515,10515
13516,10516
13517,10517
13518,10518
13519,10519
13520,10520
13521,10521
13522,10522
13523,10523
13524,10524
13525,10525
13526,10526
13527,10527
13528,10528
13529,10529
13530,10530
13531,10531
13532,10532
13533,10533
13534,10534
13535,10535
13536,10536
13537,10537
13538,10538
13539,10539
13540,10540
13541,10541
13542,10542
13543,10543
13544,10544
13545,10545
13546,10546
13547,10547
13548,10548
13549,10549
13550,10550
13551,10551
13552,10552
13553,10553
13554,10554
13555,10555
13556,10556
13557,10557
13558,10558
13559,10559
13560,10560
13561,10561
13562,10562
13563,10563
13564,10564
13565,10565
13566,10566
13567,10567
13568,10568
13569,10569
13570,10570
13571,10571
13572,10572
13573,10573
13574,10574
13575,10575
13576,10576
13577,10577
13578,10578
13579,10579
13580,10580
13581,10581
13582,10582
13583,10583
13584,10584
13585,10585
13586,10586
13587,10587
13588,10588
13589,10589
13590,10590
13591,10591
13592,10592
13593,10593
13594,10594
13595,10595
13596,10596
13597,10597
13598,10598
13599,10599
13600,10600
13601,10601
13602,10602
13603,10603
13604,10604
13605,10605
13606,10606
13607,10607
13608,10608
13609,10609
13610,10610
13611,10611
13612,10612
13613,10613
13614,10614
13615,10615
13616,10616
13617,10617
13618,10618
13619,10619
13620,10620
13621,10621
13622,10622
13623,10623
13624,10624
13625,10625
13626,10626
13627,10627
13628,10628
13629,10629
13630,10630
13631,10631
13632,10632
13633,10633
13634,10634
13635,10635
13636,10636
13637,10637
13638,10638
13639,10639
13640,10640
13641,10641
13642,10642
13643,10643
13644,10644
13645,10645
13646,10646
13647,10647
13648,10648
13649,10649
13650,10650
13651,10651
13652,10652
13653,10653
13654,10654
13655,10655
13656,10656
13657,10657
13658,10658
13659,10659
13660,10660
13661,10661
13662,10662
13663,10663
13664,10664
13665,10665
13666,10666
13667,10667
13668,10668
13669,10669
13670,10670
13671,10671
13672,10672
13673,10673
13674,10674
13675,10675
13676,10676
13677,10677
13678,10678
13679,10679
13680,10680
13681,10681
13682,10682
13683,10683
13684,10684
13685,10685
13686,10686
13687,10687
13688,10688
13689,10689
13690,10690
13691,10691
13692,10692
13693,10693
13694,10694
13695,10695
13696,10696
13697,10697
13698,10698
13699,10699
13700,10700
13701,10701
13702,10702
13703,10703
13704,10704
13705,10705
13706,10706
13707,10707
13708,10708
13709,10709
13710,10710
13711,10711
13712,10712
13713,10713
13714,10714
13715,10715
13716,10716
13717,10717
13718,10718
13719,10719
13720,10720
13721,10721
13722,10722
13723,10723
13724,10724
13725,10725
13726,10726
13727,10727
13728,10728
13729,10729
13730,10730
13731,10731
13732,10732
13733,10733
13734,10734
13735,10735
13736,10736
13737,10737
13738,10738
13739,10739
13740,10740
13741,10741
13742,10742
13743,10743
13744,10744
13745,10745
13746,10746
13747,10747
13748,10748
13749,10749
13750,10750
13751,10751
13752,10752
13753,10753
13754,10754
13755,10755
13756,10756
13757,10757
13758,10758
13759,10759
13760,10760
13761,10761
13762,10762
13763,10763
13764,10764
13765,10765
13766,10766
13767,10767
13768,10768
13769,10769
13770,10770
13771,10771
13772,10772
13773,10773
13774,10774
13775,10775
13776,10776
13777,10777
13778,10778
13779,10779
13780,10780
13781,10781
13782,10782
13783,10783
13784,10784
13785,10785
13786,10786
13787,10787
13788,10788
13789,10789
13790,10790
13791,10791
13792,10792
13793,10793
13794,10794
13795,10795
13796,10796
13797,10797
13798,10798
13799,10799
13800,10800
13801,10801
13802,10802
13803,10803
13804,10804
13805,10805
13806,10806
13807,10807
13808,10808
13809,10809
13810,10810
13811,10811
13812,10812
13813,10813
13814,10814
13815,10815
13816,10816
13817,10817
13818,10818
13819,10819
13820,10820
13821,10821
13822,10822
13823,10823
13824,10824
13825,10825
13826,10826
13827,10827
13828,10828
13829,10829
13830,10830
13831,10831
13832,10832
13833,10833
13834,10834
13835,10835
13836,10836
13837,10837
13838,10838
13839,10839
13840,10840
13841,10841
13842,10842
13843,10843
13844,10844
13845,10845
13846,10846
13847,10847
13848,10848
13849,10849
13850,10850
13851,10851
13852,10852
13853,10853
13854,10854
13855,10855
13856,10856
13857,10857
13858,10858
13859,10859
13860,10860
13861,10861
13862,10862
13863,10863
13864,10864
13865,10865
13866,10866
13867,10867
13868,10868
13869,10869
13870,10870
13871,10871
13872,10872
13873,10873
13874,10874
13875,10875
13876,10876
13877,10877
13878,10878
13879,10879
13880,10880
13881,10881
13882,10882
13883,10883
13884,10884
13885,10885
13886,10886
13887,10887
13888,10888
13889,10889
13890,10890
13891,10891
13892,10892
13893,10893
13894,10894
13895,10895
13896,10896
13897,10897
13898,10898
13899,10899
13900,10900
13901,10901
13902,10902
13903,10903
13904,10904
13905,10905
13906,10906
13907,10907
13908,10908
13909,10909
13910,10910
13911,10911
13912,10912
13913,10913
13914,10914
13915,10915
13916,10916
13917,10917
13918,10918
13919,10919
13920,10920
13921,10921
13922,10922
13923,10923
13924,10924
13925,10925
13926,10926
13927,10927
13928,10928
13929,10929
13930,10930
13931,10931
13932,10932
13933,10933
13934,10934
13935,10935
13936,10936
13937,10937
13938,10938
13939,10939
13940,10940
13941,10941
13942,10942
13943,10943
13944,10944
13945,10945
13946,10946
13947,10947
13948,10948
13949,10949
13950,10950
13951,10951
13952,10952
13953,10953
13954,10954
13955,10955
13956,10956
13957,10957
13958,10958
13959,10959
13960,10960
13961,10961
13962,10962
13963,10963
13964,10964
13965,10965
13966,10966
13967,10967
13968,10968
13969,10969
13970,10970
13971,10971
13972,10972
13973,10973
13974,10974
13975,10975
13976,10976
13977,10977
13978,10978
13979,10979
13980,10980
13981,10981
13982,10982
13983,10983
13984,10984
13985,10985
13986,10986
13987,10987
13988,10988
13989,10989
13990,10990
13991,10991
13992,10992
13993,10993
13994,10994
13995,10995
13996,10996
13997,10997
13998,10998
13999,10999
14000,11000
14001,10001
14002,10002
14003,10003
14004,10004
14005,10005
14006,10006
14007,10007
14008,10008
14009,10009
14010,10010
14011,10011
14012,10012
14013,10013
14014,10014
14015,10015
14016,10016
14017,10017
14018,10018
14019,10019
14020,10020
14021,10021
14022,10022
14023,10023
14024,10024
14025,10025
14026,10026
14027,10027
14028,10028
14029,10029
14030,10030
14031,10031
14032,10032
14033,10033
14034,10034
14035,10035
14036,10036
14037,10037
14038,10038
14039,10039
14040,10040
14041,10041
14042,10042
14043,10043
14044,10044
14045,10045
14046,10046
14047,10047
14048,10048
14049,10049
14050,10050
14051,10051
14052,10052
14053,10053
14054,10054
14055,10055
14056,10056
14057,10057
14058,10058
14059,10059
14060,10060
14061,10061
14062,10062
14063,10063
14064,10064
14065,10065
14066,10066
14067,10067
14068,10068
14069,10069
14070,10070
14071,10071
14072,10072
14073,10073
14074,10074
14075,10075
14076,10076
14077,10077
14078,10078
14079,10079
14080,10080
14081,10081
14082,10082
14083,10083
14084,10084
14085,10085
14086,10086
14087,10087
14088,10088
14089,10089
14090,10090
14091,10091
14092,10092
14093,10093
14094,10094
14095,10095
14096,10096
14097,10097
14098,10098
14099,10099
14100,10100
14101,10101
14102,10102
14103,10103
14104,10104
14105,10105
14106,10106
14107,10107
14108,10108
14109,10109
14110,10110
14111,10111
14112,10112
14113,10113
14114,10114
14115,10115
14116,10116
14117,10117
14118,10118
14119,10119
14120,10120
14121,10121
14122,10122
14123,10123
14124,10124
14125,10125
14126,10126
14127,10127
14128,10128
14129,10129
14130,10130
14131,10131
14132,10132
14133,10133
14134,10134
14135,10135
14136,10136
14137,10137
14138,10138
14139,10139
14140,10140
14141,10141
14142,10142
14143,10143
14144,10144
14145,10145
14146,10146
14147,10147
14148,10148
14149,10149
14150,10150
14151,10151
14152,10152
14153,10153
14154,10154
14155,10155
14156,10156
14157,10157
14158,10158
14159,10159
14160,10160
14161,10161
14162,10162
14163,10163
14164,10164
14165,10165
14166,10166
14167,10167
14168,10168
14169,10169
14170,10170
14171,10171
14172,10172
14173,10173
14174,10174
14175,10175
14176,10176
14177,10177
14178,10178
14179,10179
14180,10180
14181,10181
14182,10182
14183,10183
14184,10184
14185,10185
14186,10186
14187,10187
14188,10188
14189,10189
14190,10190
14191,10191
14192,10192
14193,10193
14194,10194
14195,10195
14196,10196
14197,10197
14198,10198
14199,10199
14200,10200
14201,10201
14202,10202
14203,10203
14204,10204
14205,10205
14206,10206
14207,10207
14208,10208
14209,10209
14210,10210
14211,10211
14212,10212
14213,10213
14214,10214
14215,10215
14216,10216
14217,10217
14218,10218
14219,10219
14220,10220
14221,10221
14222,10222
14223,10223
14224,10224
14225,10225
14226,10226
14227,10227
14228,10228
14229,10229
14230,10230
14231,10231
14232,10232
14233,10233
14234,10234
14235,10235
14236,10236
14237,10237
14238,10238
14239,10239
14240,10240
14241,10241
14242,10242
14243,10243
14244,10244
14245,10245
14246,10246
14247,10247
14248,10248
14249,10249
14250,10250
14251,10251
14252,10252
14253,10253
14254,10254
14255,10255
14256,10256
14257,10257
14258,10258
14259,10259
14260,10260
14261,10261
14262,10262
14263,10263
14264,10264
14265,10265
14266,10266
14267,10267
14268,10268
14269,10269
14270,10270
14271,10271
14272,10272
14273,10273
14274,10274
14275,10275
14276,10276
14277,10277
14278,10278
14279,10279
14280,10280
14281,10281
14282,10282
14283,10283
14284,10284
14285,10285
14286,10286
14287,10287
14288,10288
14289,10289
14290,10290
14291,10291
14292,10292
14293,10293
14294,10294
14295,10295
14296,10296
14297,10297
14298,10298
14299,10299
14300,10300
14301,10301
14302,10302
14303,10303
14304,10304
14305,10305
14306,10306
14307,10307
14308,10308
14309,10309
14310,10310
14311,10311
14312,10312
14313,10313
14314,10314
14315,10315
14316,10316
14317,10317
14318,10318
14319,10319
14320,10320
14321,10321
14322,10322
14323,10323
14324,10324
14325,10325
14326,10326
14327,10327
14328,10328
14329,10329
14330,10330
14331,10331
14332,10332
14333,10333
14334,10334
14335,10335
14336,10336
14337,10337
14338,10338
14339,10339
14340,10340
14341,10341
14342,10342
14343,10343
14344,10344
14345,10345
14346,10346
14347,10347
14348,10348
14349,10349
14350,10350
14351,10351
14352,10352
14353,10353
14354,10354
14355,10355
14356,10356
14357,10357
14358,10358
14359,10359
14360,10360
14361,10361
14362,10362
14363,10363
14364,10364
14365,10365
14366,10366
14367,10367
14368,10368
14369,10369
14370,10370
14371,10371
14372,10372
14373,10373
14374,10374
14375,10375
14376,10376
14377,10377
14378,10378
14379,10379
14380,10380
14381,10381
14382,10382
14383,10383
14384,10384
14385,10385
14386,10386
14387,10387
14388,10388
14389,10389
14390,10390
14391,10391
14392,10392
14393,10393
14394,10394
14395,10395
14396,10396
14397,10397
14398,10398
14399,10399
14400,10400
14401,10401
14402,10402
14403,10403
14404,10404
14405,10405
14406,10406
14407,10407
14408,10408
14409,10409
14410,10410
14411,10411
14412,10412
14413,10413
14414,10414
14415,10415
14416,10416
14417,10417
14418,10418
14419,10419
14420,10420
14421,10421
14422,10422
14423,10423
14424,10424
14425,10425
14426,10426
14427,10427
14428,10428
14429,10429
14430,10430
14431,10431
14432,10432
14433,10433
14434,10434
14435,10435
14436,10436
14437,10437
14438,10438
14439,10439
14440,10440
14441,10441
14442,10442
14443,10443
14444,10444
14445,10445
14446,10446
14447,10447
14448,10448
14449,10449
14450,10450
14451,10451
14452,10452
14453,10453
14454,10454
14455,10455
14456,10456
14457,10457
14458,10458
14459,10459
14460,10460
14461,10461
14462,10462
14463,10463
14464,10464
14465,10465
14466,10466
14467,10467
14468,10468
14469,10469
14470,10470
14471,10471
14472,10472
14473,10473
14474,10474
14475,10475
14476,10476
14477,10477
14478,10478
14479,10479
14480,10480
14481,10481
14482,10482
14483,10483
14484,10484
14485,10485
14486,10486
14487,10487
14488,10488
14489,10489
14490,10490
14491,10491
14492,10492
14493,10493
14494,10494
14495,10495
14496,10496
14497,10497
14498,10498
14499,10499
14500,10500
14501,10501
14502,10502
14503,10503
14504,10504
14505,10505
14506,10506
14507,10507
14508,10508
14509,10509
14510,10510
14511,10511
14512,10512
14513,10513
14514,10514
14515,10515
14516,10516
14517,10517
14518,10518
14519,10519
14520,10520
14521,10521
14522,10522
14523,10523
14524,10524
14525,10525
14526,10526
14527,10527
14528,10528
14529,10529
14530,10530
14531,10531
14532,10532
14533,10533
14534,10534
14535,10535
14536,10536
14537,10537
14538,10538
14539,10539
14540,10540
14541,10541
14542,10542
14543,10543
14544,10544
14545,10545
14546,10546
14547,10547
14548,10548
14549,10549
14550,10550
14551,10551
14552,10552
14553,10553
14554,10554
14555,10555
14556,10556
14557,10557
14558,10558
14559,10559
14560,10560
14561,10561
14562,10562
14563,10563
14564,10564
14565,10565
14566,10566
14567,10567
14568,10568
14569,10569
14570,10570
14571,10571
14572,10572
14573,10573
14574,10574
14575,10575
14576,10576
14577,10577
14578,10578
14579,10579
14580,10580
14581,10581
14582,10582
14583,10583
14584,10584
14585,10585
14586,10586
14587,10587
14588,10588
14589,10589
14590,10590
14591,10591
14592,10592
14593,10593
14594,10594
14595,10595
14596,10596
14597,10597
14598,10598
14599,10599
14600,10600
14601,10601
14602,10602
14603,10603
14604,10604
14605,10605
14606,10606
14607,10607
14608,10608
14609,10609
14610,10610
14611,10611
14612,10612
14613,10613
14614,10614
14615,10615
14616,10616
14617,10617
14618,10618
14619,10619
14620,10620
14621,10621
14622,10622
14623,10623
14624,10624
14625,10625
14626,10626
14627,10627
14628,10628
14629,10629
14630,10630
14631,10631
14632,10632
14633,10633
14634,10634
14635,10635
14636,10636
14637,10637
14638,10638
14639,10639
14640,10640
14641,10641
14642,10642
14643,10643
14644,10644
14645,10645
14646,10646
14647,10647
14648,10648
14649,10649
14650,10650
14651,10651
14652,10652
14653,10653
14654,10654
14655,10655
14656,10656
14657,10657
14658,10658
14659,10659
14660,10660
14661,10661
14662,10662
14663,10663
14664,10664
14665,10665
14666,10666
14667,10667
14668,10668
14669,10669
14670,10670
14671,10671
14672,10672
14673,10673
14674,10674
14675,10675
14676,10676
14677,10677
14678,10678
14679,10679
14680,10680
14681,10681
14682,10682
14683,10683
14684,10684
14685,10685
14686,10686
14687,10687
14688,10688
14689,10689
14690,10690
14691,10691
14692,10692
14693,10693
14694,10694
14695,10695
14696,10696
14697,10697
14698,10698
14699,10699
14700,10700
14701,10701
14702,10702
14703,10703
14704,10704
14705,10705
14706,10706
14707,10707
14708,10708
14709,10709
14710,10710
14711,10711
14712,10712
14713,10713
14714,10714
14715,10715
14716,10716
14717,10717
14718,10718
14719,10719
14720,10720
14721,10721
14722,10722
14723,10723
14724,10724
14725,10725
14726,10726
14727,10727
14728,10728
14729,10729
14730,10730
14731,10731
14732,10732
14733,10733
14734,10734
14735,10735
14736,10736
14737,10737
14738,10738
14739,10739
14740,10740
14741,10741
14742,10742
14743,10743
14744,10744
14745,10745
14746,10746
14747,10747
14748,10748
14749,10749
14750,10750
14751,10751
14752,10752
14753,10753
14754,10754
14755,10755
14756,10756
14757,10757
14758,10758
14759,10759
14760,10760
14761,10761
14762,10762
14763,10763
14764,10764
14765,10765
14766,10766
14767,10767
14768,10768
14769,10769
14770,10770
14771,10771
14772,10772
14773,10773
14774,10774
14775,10775
14776,10776
14777,10777
14778,10778
14779,10779
14780,10780
14781,10781
14782,10782
14783,10783
14784,10784
14785,10785
14786,10786
14787,10787
14788,10788
14789,10789
14790,10790
14791,10791
14792,10792
14793,10793
14794,10794
14795,10795
14796,10796
14797,10797
14798,10798
14799,10799
14800,10800
14801,10801
14802,10802
14803,10803
14804,10804
14805,10805
14806,10806
14807,10807
14808,10808
14809,10809
14810,10810
14811,10811
14812,10812
14813,10813
14814,10814
14815,10815
14816,10816
14817,10817
14818,10818
14819,10819
14820,10820
14821,10821
14822,10822
14823,10823
14824,10824
14825,10825
14826,10826
14827,10827
14828,10828
14829,10829
14830,10830
14831,10831
14832,10832
14833,10833
14834,10834
14835,10835
14836,10836
14837,10837
14838,10838
14839,10839
14840,10840
14841,10841
14842,10842
14843,10843
14844,10844
14845,10845
14846,10846
14847,10847
14848,10848
14849,10849
14850,10850
14851,10851
14852,10852
14853,10853
14854,10854
14855,10855
14856,10856
14857,10857
14858,10858
14859,10859
14860,10860
14861,10861
14862,10862
14863,10863
14864,10864
14865,10865
14866,10866
14867,10867
14868,10868
14869,10869
14870,10870
14871,10871
14872,10872
14873,10873
14874,10874
14875,10875
14876,10876
14877,10877
14878,10878
14879,10879
14880,10880
14881,10881
14882,10882
14883,10883
14884,10884
14885,10885
14886,10886
14887,10887
14888,10888
14889,10889
14890,10890
14891,10891
14892,10892
14893,10893
14894,10894
14895,10895
14896,10896
14897,10897
14898,10898
14899,10899
14900,10900
14901,10901
14902,10902
14903,10903
14904,10904
14905,10905
14906,10906
14907,10907
14908,10908
14909,10909
14910,10910
14911,10911
14912,10912
14913,10913
14914,10914
14915,10915
14916,10916
14917,10917
14918,10918
14919,10919
14920,10920
14921,10921
14922,10922
14923,10923
14924,10924
14925,10925
14926,10926
14927,10927
14928,10928
14929,10929
14930,10930
14931,10931
14932,10932
14933,10933
14934,10934
14935,10935
14936,10936
14937,10937
14938,10938
14939,10939
14940,10940
14941,10941
14942,10942
14943,10943
14944,10944
14945,10945
14946,10946
14947,10947
14948,10948
14949,10949
14950,10950
14951,10951
14952,10952
14953,10953
14954,10954
14955,10955
14956,10956
14957,10957
14958,10958
14959,10959
14960,10960
14961,10961
14962,10962
14963,10963
14964,10964
14965,10965
14966,10966
14967,10967
14968,10968
14969,10969
14970,10970
14971,10971
14972,10972
14973,10973
14974,10974
14975,10975
14976,10976
14977,10977
14978,10978
14979,10979
14980,10980
14981,10981
14982,10982
14983,10983
14984,10984
14985,10985
14986,10986
14987,10987
14988,10988
14989,10989
14990,10990
14991,10991
14992,10992
14993,10993
14994,10994
14995,10995
14996,10996
14997,10997
14998,10998
14999,10999
15000,11000
